,PassengerId
0,0013_01
1,0018_01
2,0019_01
3,0021_01
4,0023_01
5,0027_01
6,0029_01
7,0032_01
8,0032_02
9,0033_01
10,0037_01
11,0040_01
12,0040_02
13,0042_01
14,0046_01
15,0046_02
16,0046_03
17,0047_01
18,0047_02
19,0047_03
20,0048_01
21,0049_01
22,0054_01
23,0054_02
24,0054_03
25,0055_01
26,0057_01
27,0059_01
28,0060_01
29,0063_01
30,0065_01
31,0075_01
32,0079_01
33,0080_01
34,0083_01
35,0087_01
36,0089_01
37,0093_01
38,0094_01
39,0094_02
40,0095_01
41,0096_01
42,0100_01
43,0100_02
44,0104_01
45,0106_01
46,0109_01
47,0117_01
48,0118_01
49,0121_01
50,0124_01
51,0125_01
52,0125_02
53,0130_01
54,0131_01
55,0132_01
56,0135_01
57,0137_01
58,0142_01
59,0142_02
60,0142_03
61,0143_01
62,0145_01
63,0150_01
64,0150_02
65,0153_01
66,0154_01
67,0155_01
68,0156_01
69,0157_01
70,0158_01
71,0158_02
72,0159_01
73,0161_01
74,0162_01
75,0166_01
76,0168_01
77,0175_01
78,0175_02
79,0175_03
80,0175_04
81,0175_05
82,0176_01
83,0180_01
84,0184_01
85,0185_01
86,0187_01
87,0191_01
88,0194_01
89,0194_02
90,0194_03
91,0204_01
92,0208_01
93,0209_01
94,0214_01
95,0214_02
96,0215_01
97,0218_01
98,0226_01
99,0227_01
100,0228_01
101,0228_02
102,0228_03
103,0228_04
104,0230_01
105,0230_02
106,0235_01
107,0236_01
108,0238_01
109,0247_01
110,0247_02
111,0249_01
112,0256_01
113,0259_01
114,0262_01
115,0264_01
116,0264_02
117,0264_03
118,0266_01
119,0266_02
120,0268_01
121,0268_02
122,0271_01
123,0272_01
124,0273_01
125,0273_02
126,0273_03
127,0274_01
128,0274_02
129,0276_01
130,0276_02
131,0279_01
132,0280_01
133,0284_01
134,0292_01
135,0293_01
136,0295_01
137,0296_01
138,0299_01
139,0300_01
140,0308_01
141,0311_01
142,0312_01
143,0317_01
144,0318_01
145,0319_01
146,0319_02
147,0323_01
148,0325_01
149,0328_01
150,0329_01
151,0332_01
152,0335_01
153,0339_01
154,0339_02
155,0339_03
156,0339_04
157,0339_05
158,0339_06
159,0339_07
160,0339_08
161,0342_01
162,0342_02
163,0344_01
164,0344_02
165,0349_01
166,0349_02
167,0349_03
168,0349_04
169,0349_05
170,0349_06
171,0351_01
172,0353_01
173,0353_02
174,0354_01
175,0362_01
176,0363_01
177,0363_02
178,0363_03
179,0364_01
180,0364_02
181,0366_01
182,0367_01
183,0374_01
184,0374_02
185,0386_01
186,0390_01
187,0393_01
188,0394_01
189,0399_01
190,0400_01
191,0404_01
192,0406_01
193,0414_01
194,0416_01
195,0418_01
196,0419_01
197,0419_02
198,0419_03
199,0420_01
200,0421_01
201,0422_01
202,0424_01
203,0426_01
204,0440_01
205,0443_01
206,0450_01
207,0451_01
208,0455_01
209,0464_01
210,0467_01
211,0467_02
212,0467_03
213,0467_04
214,0469_01
215,0473_01
216,0478_01
217,0478_02
218,0479_01
219,0483_01
220,0483_02
221,0484_01
222,0486_01
223,0489_01
224,0489_02
225,0491_01
226,0492_01
227,0493_01
228,0494_01
229,0494_02
230,0495_01
231,0495_02
232,0495_03
233,0495_04
234,0495_05
235,0495_06
236,0496_01
237,0496_02
238,0497_01
239,0505_01
240,0508_01
241,0509_01
242,0511_01
243,0514_01
244,0524_01
245,0526_01
246,0530_01
247,0530_02
248,0530_03
249,0532_01
250,0532_02
251,0535_01
252,0536_01
253,0536_02
254,0541_01
255,0543_01
256,0544_01
257,0554_01
258,0557_01
259,0557_02
260,0558_01
261,0562_01
262,0562_02
263,0574_01
264,0578_01
265,0578_02
266,0584_01
267,0584_02
268,0592_01
269,0595_01
270,0601_01
271,0604_01
272,0605_01
273,0606_01
274,0613_01
275,0613_02
276,0616_01
277,0617_01
278,0620_01
279,0620_02
280,0620_03
281,0621_01
282,0622_01
283,0624_01
284,0625_01
285,0625_02
286,0625_03
287,0626_01
288,0626_02
289,0626_03
290,0627_01
291,0632_01
292,0632_02
293,0632_03
294,0640_01
295,0640_02
296,0648_01
297,0648_02
298,0649_01
299,0651_01
300,0652_01
301,0652_02
302,0652_03
303,0652_04
304,0652_05
305,0654_01
306,0662_01
307,0666_01
308,0666_02
309,0667_01
310,0670_01
311,0670_02
312,0673_01
313,0675_01
314,0676_01
315,0681_01
316,0692_01
317,0694_01
318,0695_01
319,0698_01
320,0700_01
321,0706_01
322,0708_01
323,0708_02
324,0711_01
325,0716_01
326,0717_01
327,0717_02
328,0717_03
329,0717_04
330,0717_05
331,0717_06
332,0717_07
333,0720_01
334,0720_02
335,0720_03
336,0721_01
337,0722_01
338,0723_01
339,0725_01
340,0730_01
341,0731_01
342,0731_02
343,0735_01
344,0739_01
345,0741_01
346,0742_01
347,0742_02
348,0744_01
349,0745_01
350,0747_01
351,0748_01
352,0748_02
353,0749_01
354,0751_01
355,0752_01
356,0755_01
357,0758_01
358,0758_02
359,0758_03
360,0759_01
361,0759_02
362,0759_03
363,0760_01
364,0763_01
365,0763_02
366,0766_01
367,0774_01
368,0774_02
369,0774_03
370,0775_01
371,0775_02
372,0775_03
373,0775_04
374,0775_05
375,0775_06
376,0778_01
377,0778_02
378,0780_01
379,0783_01
380,0792_01
381,0800_01
382,0801_01
383,0803_01
384,0804_01
385,0807_01
386,0810_01
387,0812_01
388,0814_01
389,0821_01
390,0827_01
391,0827_02
392,0827_03
393,0831_01
394,0832_01
395,0837_01
396,0837_02
397,0838_01
398,0838_02
399,0841_01
400,0842_01
401,0843_01
402,0844_01
403,0847_01
404,0852_01
405,0854_01
406,0855_01
407,0856_01
408,0857_01
409,0858_01
410,0858_02
411,0861_01
412,0862_01
413,0864_01
414,0864_02
415,0864_03
416,0866_01
417,0872_01
418,0880_01
419,0880_02
420,0882_01
421,0884_01
422,0884_02
423,0886_01
424,0886_02
425,0886_03
426,0887_01
427,0887_02
428,0888_01
429,0888_02
430,0891_01
431,0892_01
432,0892_02
433,0892_03
434,0894_01
435,0895_01
436,0896_01
437,0897_01
438,0897_02
439,0900_01
440,0908_01
441,0909_01
442,0909_02
443,0909_03
444,0914_01
445,0916_01
446,0917_01
447,0920_01
448,0929_01
449,0934_01
450,0936_01
451,0937_01
452,0943_01
453,0943_02
454,0943_03
455,0945_01
456,0945_02
457,0948_01
458,0950_01
459,0954_01
460,0958_01
461,0959_01
462,0962_01
463,0963_01
464,0967_01
465,0973_01
466,0974_01
467,0977_01
468,0980_01
469,0981_01
470,0981_02
471,0986_01
472,0986_02
473,0996_01
474,0999_01
475,0999_02
476,1003_01
477,1007_01
478,1009_01
479,1010_01
480,1016_01
481,1021_01
482,1023_01
483,1028_01
484,1037_01
485,1039_01
486,1042_01
487,1044_01
488,1050_01
489,1055_01
490,1059_01
491,1059_02
492,1061_01
493,1064_01
494,1064_02
495,1067_01
496,1069_01
497,1070_01
498,1072_01
499,1072_02
500,1072_03
501,1072_04
502,1072_05
503,1072_06
504,1072_07
505,1072_08
506,1073_01
507,1074_01
508,1074_02
509,1081_01
510,1087_01
511,1090_01
512,1090_02
513,1092_01
514,1098_01
515,1101_01
516,1103_01
517,1104_01
518,1106_01
519,1106_02
520,1107_01
521,1109_01
522,1111_01
523,1111_02
524,1111_03
525,1118_01
526,1118_02
527,1118_03
528,1118_04
529,1118_05
530,1119_01
531,1119_02
532,1120_01
533,1122_01
534,1124_01
535,1124_02
536,1124_03
537,1125_01
538,1125_02
539,1126_01
540,1128_01
541,1128_02
542,1131_01
543,1135_01
544,1135_02
545,1135_03
546,1135_04
547,1137_01
548,1137_02
549,1138_01
550,1139_01
551,1143_01
552,1145_01
553,1145_02
554,1145_03
555,1145_04
556,1151_01
557,1157_01
558,1158_01
559,1158_02
560,1159_01
561,1159_02
562,1159_03
563,1160_01
564,1164_01
565,1171_01
566,1172_01
567,1176_01
568,1181_01
569,1183_01
570,1183_02
571,1183_03
572,1184_01
573,1184_02
574,1189_01
575,1194_01
576,1196_01
577,1196_02
578,1200_01
579,1201_01
580,1201_02
581,1202_01
582,1204_01
583,1205_01
584,1207_01
585,1207_02
586,1207_03
587,1207_04
588,1209_01
589,1209_02
590,1217_01
591,1217_02
592,1219_01
593,1219_02
594,1224_01
595,1224_02
596,1226_01
597,1226_02
598,1227_01
599,1237_01
600,1241_01
601,1244_01
602,1245_01
603,1247_01
604,1249_01
605,1251_01
606,1252_01
607,1253_01
608,1257_01
609,1257_02
610,1257_03
611,1257_04
612,1262_01
613,1262_02
614,1265_01
615,1266_01
616,1268_01
617,1270_01
618,1272_01
619,1275_01
620,1276_01
621,1277_01
622,1290_01
623,1296_01
624,1297_01
625,1298_01
626,1301_01
627,1301_02
628,1301_03
629,1303_01
630,1305_01
631,1313_01
632,1314_01
633,1315_01
634,1318_01
635,1319_01
636,1319_02
637,1320_01
638,1320_02
639,1320_03
640,1321_01
641,1321_02
642,1321_03
643,1321_04
644,1327_01
645,1329_01
646,1334_01
647,1338_01
648,1338_02
649,1339_01
650,1341_01
651,1341_02
652,1341_03
653,1343_01
654,1343_02
655,1343_03
656,1344_01
657,1346_01
658,1349_01
659,1349_02
660,1354_01
661,1354_02
662,1354_03
663,1354_04
664,1354_05
665,1354_06
666,1354_07
667,1358_01
668,1358_02
669,1359_01
670,1361_01
671,1361_02
672,1363_01
673,1364_01
674,1364_02
675,1367_01
676,1369_01
677,1369_02
678,1369_03
679,1372_01
680,1373_01
681,1374_01
682,1388_01
683,1392_01
684,1394_01
685,1396_01
686,1405_01
687,1409_01
688,1409_02
689,1411_01
690,1418_01
691,1422_01
692,1422_02
693,1422_03
694,1429_01
695,1432_01
696,1432_02
697,1436_01
698,1437_01
699,1441_01
700,1446_01
701,1448_01
702,1449_01
703,1456_01
704,1459_01
705,1464_01
706,1466_01
707,1468_01
708,1469_01
709,1469_02
710,1470_01
711,1471_01
712,1471_02
713,1471_03
714,1471_04
715,1471_05
716,1472_01
717,1473_01
718,1473_02
719,1475_01
720,1476_01
721,1477_01
722,1477_02
723,1480_01
724,1482_01
725,1483_01
726,1486_01
727,1487_01
728,1487_02
729,1492_01
730,1492_02
731,1494_01
732,1495_01
733,1495_02
734,1496_01
735,1497_01
736,1497_02
737,1502_01
738,1502_02
739,1502_03
740,1502_04
741,1504_01
742,1505_01
743,1508_01
744,1512_01
745,1513_01
746,1514_01
747,1516_01
748,1517_01
749,1518_01
750,1518_02
751,1519_01
752,1522_01
753,1530_01
754,1534_01
755,1534_02
756,1535_01
757,1537_01
758,1538_01
759,1538_02
760,1546_01
761,1549_01
762,1553_01
763,1553_02
764,1554_01
765,1554_02
766,1556_01
767,1557_01
768,1559_01
769,1559_02
770,1563_01
771,1566_01
772,1570_01
773,1571_01
774,1574_01
775,1575_01
776,1582_01
777,1582_02
778,1583_01
779,1586_01
780,1587_01
781,1587_02
782,1589_01
783,1591_01
784,1591_02
785,1598_01
786,1598_02
787,1600_01
788,1605_01
789,1607_01
790,1609_01
791,1610_01
792,1616_01
793,1618_01
794,1620_01
795,1623_01
796,1627_01
797,1629_01
798,1629_02
799,1629_03
800,1629_04
801,1629_05
802,1629_06
803,1639_01
804,1641_01
805,1642_01
806,1643_01
807,1648_01
808,1652_01
809,1654_01
810,1664_01
811,1665_01
812,1665_02
813,1667_01
814,1675_01
815,1678_01
816,1679_01
817,1680_01
818,1680_02
819,1683_01
820,1684_01
821,1686_01
822,1689_01
823,1689_02
824,1689_03
825,1692_01
826,1693_01
827,1701_01
828,1702_01
829,1703_01
830,1706_01
831,1707_01
832,1716_01
833,1720_01
834,1722_01
835,1726_01
836,1726_02
837,1726_03
838,1732_01
839,1735_01
840,1737_01
841,1741_01
842,1741_02
843,1741_03
844,1743_01
845,1744_01
846,1750_01
847,1751_01
848,1751_02
849,1754_01
850,1756_01
851,1759_01
852,1765_01
853,1773_01
854,1777_01
855,1777_02
856,1780_01
857,1784_01
858,1787_01
859,1788_01
860,1789_01
861,1790_01
862,1790_02
863,1791_01
864,1791_02
865,1793_01
866,1793_02
867,1794_01
868,1795_01
869,1801_01
870,1801_02
871,1809_01
872,1814_01
873,1814_02
874,1814_03
875,1815_01
876,1819_01
877,1820_01
878,1824_01
879,1825_01
880,1825_02
881,1830_01
882,1832_01
883,1835_01
884,1835_02
885,1837_01
886,1838_01
887,1839_01
888,1840_01
889,1842_01
890,1845_01
891,1851_01
892,1851_02
893,1852_01
894,1852_02
895,1852_03
896,1852_04
897,1858_01
898,1862_01
899,1862_02
900,1862_03
901,1867_01
902,1869_01
903,1870_01
904,1875_01
905,1876_01
906,1883_01
907,1885_01
908,1893_01
909,1894_01
910,1895_01
911,1896_01
912,1900_01
913,1904_01
914,1909_01
915,1909_02
916,1909_03
917,1910_01
918,1910_02
919,1910_03
920,1910_04
921,1912_01
922,1913_01
923,1913_02
924,1913_03
925,1914_01
926,1917_01
927,1919_01
928,1921_01
929,1921_02
930,1924_01
931,1929_01
932,1930_01
933,1932_01
934,1934_01
935,1936_01
936,1943_01
937,1944_01
938,1948_01
939,1948_02
940,1949_01
941,1951_01
942,1951_02
943,1954_01
944,1955_01
945,1958_01
946,1965_01
947,1966_01
948,1970_01
949,1972_01
950,1982_01
951,1986_01
952,1987_01
953,1989_01
954,1990_01
955,1990_02
956,1998_01
957,2002_01
958,2004_01
959,2005_01
960,2005_02
961,2008_01
962,2014_01
963,2016_01
964,2016_02
965,2017_01
966,2017_02
967,2018_01
968,2020_01
969,2021_01
970,2023_01
971,2023_02
972,2023_03
973,2025_01
974,2030_01
975,2031_01
976,2033_01
977,2035_01
978,2035_02
979,2036_01
980,2036_02
981,2036_03
982,2037_01
983,2037_02
984,2039_01
985,2039_02
986,2039_03
987,2047_01
988,2048_01
989,2049_01
990,2050_01
991,2057_01
992,2057_02
993,2057_03
994,2057_04
995,2057_05
996,2058_01
997,2064_01
998,2068_01
999,2068_02
1000,2068_03
1001,2068_04
1002,2068_05
1003,2069_01
1004,2072_01
1005,2072_02
1006,2076_01
1007,2077_01
1008,2078_01
1009,2079_01
1010,2079_02
1011,2079_03
1012,2093_01
1013,2098_01
1014,2101_01
1015,2101_02
1016,2103_01
1017,2108_01
1018,2108_02
1019,2109_01
1020,2113_01
1021,2119_01
1022,2119_02
1023,2122_01
1024,2132_01
1025,2146_01
1026,2146_02
1027,2151_01
1028,2155_01
1029,2157_01
1030,2160_01
1031,2160_02
1032,2160_03
1033,2165_01
1034,2166_01
1035,2169_01
1036,2170_01
1037,2174_01
1038,2176_01
1039,2178_01
1040,2181_01
1041,2184_01
1042,2184_02
1043,2185_01
1044,2192_01
1045,2197_01
1046,2199_01
1047,2208_01
1048,2213_01
1049,2214_01
1050,2216_01
1051,2217_01
1052,2218_01
1053,2222_01
1054,2226_01
1055,2227_01
1056,2230_01
1057,2236_01
1058,2240_01
1059,2240_02
1060,2240_03
1061,2242_01
1062,2244_01
1063,2245_01
1064,2245_02
1065,2246_01
1066,2246_02
1067,2247_01
1068,2248_01
1069,2249_01
1070,2250_01
1071,2259_01
1072,2259_02
1073,2260_01
1074,2265_01
1075,2271_01
1076,2276_01
1077,2276_02
1078,2283_01
1079,2285_01
1080,2286_01
1081,2290_01
1082,2292_01
1083,2293_01
1084,2294_01
1085,2297_01
1086,2304_01
1087,2307_01
1088,2307_02
1089,2307_03
1090,2307_04
1091,2307_05
1092,2322_01
1093,2323_01
1094,2324_01
1095,2326_01
1096,2328_01
1097,2330_01
1098,2331_01
1099,2334_01
1100,2335_01
1101,2337_01
1102,2342_01
1103,2343_01
1104,2343_02
1105,2344_01
1106,2344_02
1107,2346_01
1108,2350_01
1109,2350_02
1110,2350_03
1111,2351_01
1112,2351_02
1113,2352_01
1114,2354_01
1115,2355_01
1116,2355_02
1117,2355_03
1118,2355_04
1119,2358_01
1120,2359_01
1121,2362_01
1122,2370_01
1123,2370_02
1124,2370_03
1125,2370_04
1126,2371_01
1127,2372_01
1128,2378_01
1129,2378_02
1130,2380_01
1131,2380_02
1132,2381_01
1133,2383_01
1134,2383_02
1135,2386_01
1136,2388_01
1137,2388_02
1138,2393_01
1139,2394_01
1140,2394_02
1141,2394_03
1142,2400_01
1143,2405_01
1144,2407_01
1145,2408_01
1146,2415_01
1147,2418_01
1148,2420_01
1149,2422_01
1150,2422_02
1151,2425_01
1152,2425_02
1153,2425_03
1154,2425_04
1155,2425_05
1156,2425_06
1157,2428_01
1158,2430_01
1159,2430_02
1160,2430_03
1161,2434_01
1162,2434_02
1163,2437_01
1164,2440_01
1165,2447_01
1166,2448_01
1167,2448_02
1168,2450_01
1169,2459_01
1170,2464_01
1171,2465_01
1172,2468_01
1173,2469_01
1174,2469_02
1175,2473_01
1176,2481_01
1177,2481_02
1178,2482_01
1179,2482_02
1180,2484_01
1181,2484_02
1182,2485_01
1183,2487_01
1184,2487_02
1185,2487_03
1186,2490_01
1187,2493_01
1188,2493_02
1189,2494_01
1190,2494_02
1191,2495_01
1192,2501_01
1193,2504_01
1194,2507_01
1195,2511_01
1196,2514_01
1197,2517_01
1198,2525_01
1199,2529_01
1200,2533_01
1201,2536_01
1202,2538_01
1203,2538_02
1204,2539_01
1205,2543_01
1206,2554_01
1207,2556_01
1208,2563_01
1209,2566_01
1210,2567_01
1211,2567_02
1212,2568_01
1213,2569_01
1214,2570_01
1215,2575_01
1216,2576_01
1217,2577_01
1218,2577_02
1219,2579_01
1220,2583_01
1221,2585_01
1222,2586_01
1223,2587_01
1224,2587_02
1225,2600_01
1226,2603_01
1227,2603_02
1228,2604_01
1229,2608_01
1230,2610_01
1231,2611_01
1232,2612_01
1233,2613_01
1234,2614_01
1235,2615_01
1236,2620_01
1237,2621_01
1238,2623_01
1239,2630_01
1240,2630_02
1241,2630_03
1242,2632_01
1243,2637_01
1244,2637_02
1245,2637_03
1246,2639_01
1247,2644_01
1248,2653_01
1249,2654_01
1250,2656_01
1251,2665_01
1252,2667_01
1253,2667_02
1254,2667_03
1255,2667_04
1256,2667_05
1257,2669_01
1258,2673_01
1259,2674_01
1260,2674_02
1261,2680_01
1262,2681_01
1263,2686_01
1264,2689_01
1265,2694_01
1266,2694_02
1267,2696_01
1268,2699_01
1269,2705_01
1270,2710_01
1271,2710_02
1272,2711_01
1273,2715_01
1274,2715_02
1275,2716_01
1276,2716_02
1277,2719_01
1278,2719_02
1279,2719_03
1280,2728_01
1281,2731_01
1282,2733_01
1283,2735_01
1284,2742_01
1285,2744_01
1286,2749_01
1287,2757_01
1288,2761_01
1289,2761_02
1290,2766_01
1291,2767_01
1292,2771_01
1293,2775_01
1294,2776_01
1295,2777_01
1296,2779_01
1297,2782_01
1298,2791_01
1299,2794_01
1300,2794_02
1301,2794_03
1302,2794_04
1303,2794_05
1304,2794_06
1305,2794_07
1306,2800_01
1307,2803_01
1308,2804_01
1309,2808_01
1310,2808_02
1311,2815_01
1312,2815_02
1313,2815_03
1314,2816_01
1315,2827_01
1316,2828_01
1317,2829_01
1318,2830_01
1319,2833_01
1320,2836_01
1321,2841_01
1322,2842_01
1323,2844_01
1324,2845_01
1325,2845_02
1326,2848_01
1327,2848_02
1328,2848_03
1329,2849_01
1330,2850_01
1331,2850_02
1332,2850_03
1333,2850_04
1334,2851_01
1335,2855_01
1336,2864_01
1337,2868_01
1338,2868_02
1339,2868_03
1340,2868_04
1341,2874_01
1342,2879_01
1343,2885_01
1344,2886_01
1345,2889_01
1346,2895_01
1347,2896_01
1348,2898_01
1349,2898_02
1350,2903_01
1351,2904_01
1352,2904_02
1353,2911_01
1354,2914_01
1355,2915_01
1356,2916_01
1357,2917_01
1358,2918_01
1359,2921_01
1360,2922_01
1361,2923_01
1362,2924_01
1363,2931_01
1364,2931_02
1365,2932_01
1366,2933_01
1367,2937_01
1368,2939_01
1369,2946_01
1370,2946_02
1371,2946_03
1372,2946_04
1373,2947_01
1374,2951_01
1375,2952_01
1376,2955_01
1377,2957_01
1378,2963_01
1379,2967_01
1380,2973_01
1381,2974_01
1382,2976_01
1383,2976_02
1384,2976_03
1385,2976_04
1386,2977_01
1387,2977_02
1388,2977_03
1389,2978_01
1390,2980_01
1391,2981_01
1392,2985_01
1393,2987_01
1394,2989_01
1395,2991_01
1396,2997_01
1397,2997_02
1398,2997_03
1399,2997_04
1400,2999_01
1401,3002_01
1402,3007_01
1403,3008_01
1404,3008_02
1405,3008_03
1406,3008_04
1407,3008_05
1408,3008_06
1409,3011_01
1410,3016_01
1411,3016_02
1412,3016_03
1413,3016_04
1414,3017_01
1415,3028_01
1416,3031_01
1417,3035_01
1418,3037_01
1419,3037_02
1420,3041_01
1421,3043_01
1422,3046_01
1423,3049_01
1424,3051_01
1425,3052_01
1426,3056_01
1427,3057_01
1428,3058_01
1429,3059_01
1430,3069_01
1431,3072_01
1432,3074_01
1433,3075_01
1434,3077_01
1435,3077_02
1436,3078_01
1437,3078_02
1438,3078_03
1439,3078_04
1440,3086_01
1441,3089_01
1442,3094_01
1443,3097_01
1444,3098_01
1445,3101_01
1446,3105_01
1447,3105_02
1448,3105_03
1449,3106_01
1450,3107_01
1451,3108_01
1452,3109_01
1453,3115_01
1454,3122_01
1455,3122_02
1456,3125_01
1457,3125_02
1458,3127_01
1459,3129_01
1460,3135_01
1461,3137_01
1462,3139_01
1463,3141_01
1464,3144_01
1465,3146_01
1466,3148_01
1467,3148_02
1468,3150_01
1469,3151_01
1470,3153_01
1471,3153_02
1472,3154_01
1473,3155_01
1474,3155_02
1475,3156_01
1476,3157_01
1477,3160_01
1478,3165_01
1479,3167_01
1480,3170_01
1481,3173_01
1482,3177_01
1483,3178_01
1484,3183_01
1485,3186_01
1486,3187_01
1487,3190_01
1488,3190_02
1489,3194_01
1490,3198_01
1491,3199_01
1492,3202_01
1493,3207_01
1494,3208_01
1495,3214_01
1496,3222_01
1497,3226_01
1498,3228_01
1499,3231_01
1500,3233_01
1501,3234_01
1502,3242_01
1503,3244_01
1504,3244_02
1505,3244_03
1506,3245_01
1507,3245_02
1508,3246_01
1509,3249_01
1510,3249_02
1511,3250_01
1512,3251_01
1513,3257_01
1514,3261_01
1515,3263_01
1516,3264_01
1517,3265_01
1518,3265_02
1519,3265_03
1520,3265_04
1521,3266_01
1522,3267_01
1523,3277_01
1524,3278_01
1525,3281_01
1526,3285_01
1527,3285_02
1528,3286_01
1529,3288_01
1530,3290_01
1531,3290_02
1532,3291_01
1533,3302_01
1534,3303_01
1535,3306_01
1536,3307_01
1537,3316_01
1538,3320_01
1539,3320_02
1540,3321_01
1541,3333_01
1542,3334_01
1543,3335_01
1544,3340_01
1545,3341_01
1546,3341_02
1547,3344_01
1548,3344_02
1549,3345_01
1550,3345_02
1551,3345_03
1552,3346_01
1553,3347_01
1554,3347_02
1555,3351_01
1556,3351_02
1557,3354_01
1558,3355_01
1559,3356_01
1560,3358_01
1561,3362_01
1562,3362_02
1563,3366_01
1564,3367_01
1565,3368_01
1566,3368_02
1567,3368_03
1568,3368_04
1569,3368_05
1570,3368_06
1571,3368_07
1572,3369_01
1573,3373_01
1574,3374_01
1575,3375_01
1576,3376_01
1577,3378_01
1578,3379_01
1579,3385_01
1580,3388_01
1581,3393_01
1582,3398_01
1583,3399_01
1584,3400_01
1585,3407_01
1586,3407_02
1587,3411_01
1588,3411_02
1589,3411_03
1590,3411_04
1591,3411_05
1592,3411_06
1593,3411_07
1594,3414_01
1595,3416_01
1596,3427_01
1597,3429_01
1598,3435_01
1599,3436_01
1600,3448_01
1601,3448_02
1602,3451_01
1603,3452_01
1604,3457_01
1605,3460_01
1606,3463_01
1607,3466_01
1608,3471_01
1609,3472_01
1610,3477_01
1611,3477_02
1612,3479_01
1613,3481_01
1614,3482_01
1615,3482_02
1616,3493_01
1617,3494_01
1618,3494_02
1619,3498_01
1620,3500_01
1621,3502_01
1622,3503_01
1623,3505_01
1624,3507_01
1625,3508_01
1626,3508_02
1627,3509_01
1628,3509_02
1629,3510_01
1630,3513_01
1631,3513_02
1632,3513_03
1633,3513_04
1634,3516_01
1635,3517_01
1636,3522_01
1637,3524_01
1638,3526_01
1639,3529_01
1640,3532_01
1641,3538_01
1642,3541_01
1643,3544_01
1644,3544_02
1645,3545_01
1646,3549_01
1647,3549_02
1648,3551_01
1649,3554_01
1650,3557_01
1651,3571_01
1652,3574_01
1653,3575_01
1654,3580_01
1655,3580_02
1656,3581_01
1657,3583_01
1658,3585_01
1659,3587_01
1660,3587_02
1661,3587_03
1662,3589_01
1663,3589_02
1664,3589_03
1665,3589_04
1666,3589_05
1667,3589_06
1668,3589_07
1669,3590_01
1670,3593_01
1671,3599_01
1672,3601_01
1673,3601_02
1674,3601_03
1675,3601_04
1676,3601_05
1677,3601_06
1678,3601_07
1679,3603_01
1680,3603_02
1681,3604_01
1682,3611_01
1683,3617_01
1684,3617_02
1685,3617_03
1686,3618_01
1687,3618_02
1688,3618_03
1689,3618_04
1690,3621_01
1691,3621_02
1692,3623_01
1693,3627_01
1694,3632_01
1695,3633_01
1696,3635_01
1697,3635_02
1698,3637_01
1699,3638_01
1700,3643_01
1701,3646_01
1702,3646_02
1703,3649_01
1704,3651_01
1705,3656_01
1706,3656_02
1707,3657_01
1708,3657_02
1709,3657_03
1710,3659_01
1711,3659_02
1712,3659_03
1713,3659_04
1714,3659_05
1715,3659_06
1716,3659_07
1717,3661_01
1718,3663_01
1719,3666_01
1720,3669_01
1721,3670_01
1722,3672_01
1723,3672_02
1724,3673_01
1725,3675_01
1726,3675_02
1727,3675_03
1728,3676_01
1729,3683_01
1730,3683_02
1731,3684_01
1732,3684_02
1733,3685_01
1734,3687_01
1735,3689_01
1736,3694_01
1737,3695_01
1738,3696_01
1739,3697_01
1740,3698_01
1741,3701_01
1742,3701_02
1743,3701_03
1744,3709_01
1745,3712_01
1746,3712_02
1747,3712_03
1748,3712_04
1749,3712_05
1750,3717_01
1751,3717_02
1752,3718_01
1753,3720_01
1754,3720_02
1755,3720_03
1756,3721_01
1757,3722_01
1758,3723_01
1759,3725_01
1760,3727_01
1761,3730_01
1762,3731_01
1763,3738_01
1764,3740_01
1765,3746_01
1766,3746_02
1767,3746_03
1768,3746_04
1769,3762_01
1770,3763_01
1771,3764_01
1772,3764_02
1773,3766_01
1774,3766_02
1775,3780_01
1776,3782_01
1777,3782_02
1778,3791_01
1779,3792_01
1780,3794_01
1781,3799_01
1782,3800_01
1783,3802_01
1784,3806_01
1785,3808_01
1786,3809_01
1787,3809_02
1788,3813_01
1789,3819_01
1790,3825_01
1791,3827_01
1792,3828_01
1793,3828_02
1794,3828_03
1795,3829_01
1796,3829_02
1797,3833_01
1798,3834_01
1799,3837_01
1800,3840_01
1801,3843_01
1802,3844_01
1803,3844_02
1804,3845_01
1805,3855_01
1806,3858_01
1807,3858_02
1808,3858_03
1809,3858_04
1810,3859_01
1811,3860_01
1812,3861_01
1813,3863_01
1814,3865_01
1815,3869_01
1816,3876_01
1817,3876_02
1818,3876_03
1819,3877_01
1820,3878_01
1821,3880_01
1822,3881_01
1823,3882_01
1824,3884_01
1825,3885_01
1826,3887_01
1827,3889_01
1828,3889_02
1829,3891_01
1830,3892_01
1831,3892_02
1832,3893_01
1833,3893_02
1834,3893_03
1835,3900_01
1836,3901_01
1837,3902_01
1838,3905_01
1839,3906_01
1840,3906_02
1841,3908_01
1842,3908_02
1843,3910_01
1844,3914_01
1845,3918_01
1846,3920_01
1847,3925_01
1848,3925_02
1849,3929_01
1850,3934_01
1851,3934_02
1852,3943_01
1853,3943_02
1854,3943_03
1855,3947_01
1856,3951_01
1857,3953_01
1858,3956_01
1859,3957_01
1860,3965_01
1861,3969_01
1862,3972_01
1863,3975_01
1864,3978_01
1865,3979_01
1866,3982_01
1867,3983_01
1868,3989_01
1869,3989_02
1870,3989_03
1871,3989_04
1872,3990_01
1873,3993_01
1874,4004_01
1875,4007_01
1876,4011_01
1877,4012_01
1878,4012_02
1879,4015_01
1880,4015_02
1881,4024_01
1882,4025_01
1883,4028_01
1884,4029_01
1885,4041_01
1886,4048_01
1887,4048_02
1888,4048_03
1889,4051_01
1890,4052_01
1891,4054_01
1892,4054_02
1893,4054_03
1894,4056_01
1895,4057_01
1896,4059_01
1897,4059_02
1898,4062_01
1899,4067_01
1900,4070_01
1901,4070_02
1902,4070_03
1903,4073_01
1904,4073_02
1905,4074_01
1906,4077_01
1907,4085_01
1908,4086_01
1909,4086_02
1910,4086_03
1911,4087_01
1912,4088_01
1913,4092_01
1914,4094_01
1915,4094_02
1916,4100_01
1917,4105_01
1918,4111_01
1919,4117_01
1920,4118_01
1921,4119_01
1922,4121_01
1923,4122_01
1924,4123_01
1925,4124_01
1926,4126_01
1927,4133_01
1928,4133_02
1929,4136_01
1930,4136_02
1931,4138_01
1932,4139_01
1933,4146_01
1934,4148_01
1935,4153_01
1936,4155_01
1937,4157_01
1938,4161_01
1939,4162_01
1940,4164_01
1941,4180_01
1942,4180_02
1943,4187_01
1944,4190_01
1945,4192_01
1946,4193_01
1947,4195_01
1948,4198_01
1949,4200_01
1950,4201_01
1951,4202_01
1952,4202_02
1953,4209_01
1954,4217_01
1955,4224_01
1956,4224_02
1957,4226_01
1958,4226_02
1959,4227_01
1960,4228_01
1961,4234_01
1962,4234_02
1963,4235_01
1964,4235_02
1965,4236_01
1966,4236_02
1967,4241_01
1968,4247_01
1969,4247_02
1970,4248_01
1971,4248_02
1972,4250_01
1973,4263_01
1974,4263_02
1975,4263_03
1976,4265_01
1977,4268_01
1978,4268_02
1979,4269_01
1980,4275_01
1981,4276_01
1982,4277_01
1983,4279_01
1984,4281_01
1985,4282_01
1986,4283_01
1987,4284_01
1988,4284_02
1989,4285_01
1990,4286_01
1991,4286_02
1992,4286_03
1993,4287_01
1994,4288_01
1995,4288_02
1996,4290_01
1997,4298_01
1998,4298_02
1999,4298_03
2000,4299_01
2001,4304_01
2002,4307_01
2003,4308_01
2004,4310_01
2005,4313_01
2006,4314_01
2007,4321_01
2008,4322_01
2009,4323_01
2010,4323_02
2011,4323_03
2012,4323_04
2013,4325_01
2014,4326_01
2015,4328_01
2016,4331_01
2017,4341_01
2018,4341_02
2019,4342_01
2020,4353_01
2021,4355_01
2022,4363_01
2023,4374_01
2024,4375_01
2025,4377_01
2026,4377_02
2027,4377_03
2028,4378_01
2029,4378_02
2030,4379_01
2031,4380_01
2032,4381_01
2033,4381_02
2034,4384_01
2035,4385_01
2036,4385_02
2037,4385_03
2038,4389_01
2039,4394_01
2040,4398_01
2041,4406_01
2042,4412_01
2043,4414_01
2044,4417_01
2045,4418_01
2046,4419_01
2047,4419_02
2048,4420_01
2049,4420_02
2050,4421_01
2051,4423_01
2052,4425_01
2053,4425_02
2054,4434_01
2055,4435_01
2056,4435_02
2057,4439_01
2058,4439_02
2059,4442_01
2060,4443_01
2061,4443_02
2062,4454_01
2063,4455_01
2064,4455_02
2065,4455_03
2066,4458_01
2067,4460_01
2068,4468_01
2069,4471_01
2070,4478_01
2071,4480_01
2072,4481_01
2073,4484_01
2074,4488_01
2075,4489_01
2076,4495_01
2077,4499_01
2078,4503_01
2079,4504_01
2080,4507_01
2081,4513_01
2082,4519_01
2083,4520_01
2084,4523_01
2085,4523_02
2086,4523_03
2087,4523_04
2088,4523_05
2089,4523_06
2090,4525_01
2091,4526_01
2092,4527_01
2093,4528_01
2094,4536_01
2095,4540_01
2096,4541_01
2097,4545_01
2098,4548_01
2099,4551_01
2100,4551_02
2101,4551_03
2102,4551_04
2103,4554_01
2104,4556_01
2105,4566_01
2106,4578_01
2107,4579_01
2108,4582_01
2109,4582_02
2110,4582_03
2111,4582_04
2112,4582_05
2113,4582_06
2114,4582_07
2115,4583_01
2116,4583_02
2117,4583_03
2118,4584_01
2119,4588_01
2120,4589_01
2121,4590_01
2122,4598_01
2123,4599_01
2124,4600_01
2125,4600_02
2126,4601_01
2127,4614_01
2128,4614_02
2129,4616_01
2130,4618_01
2131,4619_01
2132,4626_01
2133,4626_02
2134,4627_01
2135,4629_01
2136,4636_01
2137,4639_01
2138,4639_02
2139,4639_03
2140,4639_04
2141,4639_05
2142,4639_06
2143,4647_01
2144,4660_01
2145,4666_01
2146,4669_01
2147,4670_01
2148,4671_01
2149,4671_02
2150,4671_03
2151,4671_04
2152,4674_01
2153,4675_01
2154,4675_02
2155,4681_01
2156,4682_01
2157,4683_01
2158,4683_02
2159,4685_01
2160,4687_01
2161,4688_01
2162,4692_01
2163,4697_01
2164,4698_01
2165,4700_01
2166,4701_01
2167,4701_02
2168,4701_03
2169,4701_04
2170,4702_01
2171,4702_02
2172,4703_01
2173,4703_02
2174,4705_01
2175,4705_02
2176,4707_01
2177,4707_02
2178,4715_01
2179,4716_01
2180,4718_01
2181,4722_01
2182,4724_01
2183,4727_01
2184,4727_02
2185,4729_01
2186,4731_01
2187,4734_01
2188,4735_01
2189,4736_01
2190,4737_01
2191,4740_01
2192,4742_01
2193,4745_01
2194,4747_01
2195,4747_02
2196,4749_01
2197,4751_01
2198,4760_01
2199,4761_01
2200,4761_02
2201,4761_03
2202,4765_01
2203,4766_01
2204,4767_01
2205,4768_01
2206,4768_02
2207,4771_01
2208,4776_01
2209,4776_02
2210,4776_03
2211,4776_04
2212,4779_01
2213,4781_01
2214,4789_01
2215,4799_01
2216,4799_02
2217,4799_03
2218,4800_01
2219,4802_01
2220,4802_02
2221,4805_01
2222,4806_01
2223,4809_01
2224,4811_01
2225,4812_01
2226,4816_01
2227,4820_01
2228,4820_02
2229,4821_01
2230,4824_01
2231,4825_01
2232,4826_01
2233,4833_01
2234,4833_02
2235,4834_01
2236,4835_01
2237,4839_01
2238,4843_01
2239,4843_02
2240,4844_01
2241,4849_01
2242,4852_01
2243,4854_01
2244,4855_01
2245,4855_02
2246,4858_01
2247,4859_01
2248,4860_01
2249,4861_01
2250,4865_01
2251,4867_01
2252,4869_01
2253,4872_01
2254,4877_01
2255,4894_01
2256,4905_01
2257,4906_01
2258,4907_01
2259,4908_01
2260,4914_01
2261,4919_01
2262,4921_01
2263,4922_01
2264,4926_01
2265,4928_01
2266,4931_01
2267,4935_01
2268,4935_02
2269,4935_03
2270,4936_01
2271,4947_01
2272,4948_01
2273,4949_01
2274,4949_02
2275,4953_01
2276,4955_01
2277,4957_01
2278,4959_01
2279,4960_01
2280,4962_01
2281,4966_01
2282,4966_02
2283,4967_01
2284,4968_01
2285,4969_01
2286,4969_02
2287,4971_01
2288,4976_01
2289,4982_01
2290,4984_01
2291,4984_02
2292,4985_01
2293,4986_01
2294,4988_01
2295,4993_01
2296,4994_01
2297,5001_01
2298,5002_01
2299,5011_01
2300,5022_01
2301,5024_01
2302,5024_02
2303,5024_03
2304,5024_04
2305,5024_05
2306,5026_01
2307,5029_01
2308,5029_02
2309,5030_01
2310,5031_01
2311,5031_02
2312,5033_01
2313,5033_02
2314,5037_01
2315,5038_01
2316,5038_02
2317,5041_01
2318,5043_01
2319,5043_02
2320,5043_03
2321,5045_01
2322,5046_01
2323,5047_01
2324,5049_01
2325,5053_01
2326,5054_01
2327,5055_01
2328,5056_01
2329,5056_02
2330,5066_01
2331,5071_01
2332,5075_01
2333,5077_01
2334,5078_01
2335,5079_01
2336,5081_01
2337,5082_01
2338,5086_01
2339,5086_02
2340,5092_01
2341,5094_01
2342,5094_02
2343,5096_01
2344,5096_02
2345,5098_01
2346,5098_02
2347,5098_03
2348,5099_01
2349,5100_01
2350,5101_01
2351,5102_01
2352,5107_01
2353,5110_01
2354,5113_01
2355,5114_01
2356,5117_01
2357,5118_01
2358,5119_01
2359,5121_01
2360,5123_01
2361,5131_01
2362,5131_02
2363,5134_01
2364,5135_01
2365,5139_01
2366,5141_01
2367,5143_01
2368,5147_01
2369,5149_01
2370,5149_02
2371,5150_01
2372,5153_01
2373,5155_01
2374,5159_01
2375,5159_02
2376,5164_01
2377,5164_02
2378,5168_01
2379,5169_01
2380,5172_01
2381,5178_01
2382,5183_01
2383,5189_01
2384,5191_01
2385,5195_01
2386,5200_01
2387,5203_01
2388,5203_02
2389,5212_01
2390,5215_01
2391,5219_01
2392,5219_02
2393,5222_01
2394,5228_01
2395,5228_02
2396,5231_01
2397,5232_01
2398,5232_02
2399,5233_01
2400,5237_01
2401,5241_01
2402,5241_02
2403,5245_01
2404,5259_01
2405,5261_01
2406,5263_01
2407,5267_01
2408,5267_02
2409,5267_03
2410,5270_01
2411,5283_01
2412,5284_01
2413,5285_01
2414,5286_01
2415,5289_01
2416,5293_01
2417,5293_02
2418,5294_01
2419,5295_01
2420,5296_01
2421,5302_01
2422,5306_01
2423,5306_02
2424,5308_01
2425,5308_02
2426,5308_03
2427,5309_01
2428,5311_01
2429,5317_01
2430,5317_02
2431,5318_01
2432,5318_02
2433,5319_01
2434,5321_01
2435,5324_01
2436,5328_01
2437,5329_01
2438,5329_02
2439,5329_03
2440,5329_04
2441,5329_05
2442,5329_06
2443,5329_07
2444,5332_01
2445,5335_01
2446,5335_02
2447,5335_03
2448,5335_04
2449,5336_01
2450,5338_01
2451,5339_01
2452,5339_02
2453,5339_03
2454,5342_01
2455,5349_01
2456,5352_01
2457,5357_01
2458,5357_02
2459,5357_03
2460,5357_04
2461,5358_01
2462,5364_01
2463,5369_01
2464,5369_02
2465,5369_03
2466,5370_01
2467,5371_01
2468,5371_02
2469,5371_03
2470,5371_04
2471,5373_01
2472,5376_01
2473,5376_02
2474,5377_01
2475,5381_01
2476,5382_01
2477,5382_02
2478,5386_01
2479,5391_01
2480,5393_01
2481,5398_01
2482,5399_01
2483,5400_01
2484,5403_01
2485,5405_01
2486,5407_01
2487,5409_01
2488,5417_01
2489,5419_01
2490,5426_01
2491,5428_01
2492,5428_02
2493,5429_01
2494,5432_01
2495,5433_01
2496,5439_01
2497,5442_01
2498,5444_01
2499,5448_01
2500,5449_01
2501,5456_01
2502,5460_01
2503,5461_01
2504,5464_01
2505,5473_01
2506,5473_02
2507,5481_01
2508,5482_01
2509,5482_02
2510,5486_01
2511,5493_01
2512,5495_01
2513,5498_01
2514,5498_02
2515,5502_01
2516,5503_01
2517,5505_01
2518,5505_02
2519,5505_03
2520,5513_01
2521,5513_02
2522,5513_03
2523,5513_04
2524,5516_01
2525,5518_01
2526,5519_01
2527,5525_01
2528,5532_01
2529,5533_01
2530,5534_01
2531,5542_01
2532,5547_01
2533,5548_01
2534,5549_01
2535,5553_01
2536,5553_02
2537,5554_01
2538,5558_01
2539,5562_01
2540,5562_02
2541,5564_01
2542,5565_01
2543,5567_01
2544,5570_01
2545,5576_01
2546,5577_01
2547,5577_02
2548,5577_03
2549,5577_04
2550,5577_05
2551,5579_01
2552,5584_01
2553,5584_02
2554,5588_01
2555,5588_02
2556,5588_03
2557,5588_04
2558,5588_05
2559,5590_01
2560,5593_01
2561,5597_01
2562,5600_01
2563,5604_01
2564,5605_01
2565,5607_01
2566,5612_01
2567,5617_01
2568,5620_01
2569,5620_02
2570,5621_01
2571,5624_01
2572,5630_01
2573,5632_01
2574,5633_01
2575,5634_01
2576,5635_01
2577,5636_01
2578,5638_01
2579,5641_01
2580,5649_01
2581,5654_01
2582,5656_01
2583,5657_01
2584,5658_01
2585,5660_01
2586,5664_01
2587,5664_02
2588,5664_03
2589,5664_04
2590,5665_01
2591,5666_01
2592,5668_01
2593,5669_01
2594,5670_01
2595,5672_01
2596,5675_01
2597,5676_01
2598,5678_01
2599,5678_02
2600,5682_01
2601,5683_01
2602,5690_01
2603,5691_01
2604,5694_01
2605,5697_01
2606,5699_01
2607,5703_01
2608,5708_01
2609,5715_01
2610,5715_02
2611,5720_01
2612,5720_02
2613,5731_01
2614,5731_02
2615,5734_01
2616,5734_02
2617,5741_01
2618,5743_01
2619,5745_01
2620,5749_01
2621,5752_01
2622,5753_01
2623,5754_01
2624,5759_01
2625,5760_01
2626,5762_01
2627,5766_01
2628,5770_01
2629,5774_01
2630,5775_01
2631,5782_01
2632,5782_02
2633,5782_03
2634,5782_04
2635,5784_01
2636,5787_01
2637,5787_02
2638,5787_03
2639,5789_01
2640,5789_02
2641,5797_01
2642,5798_01
2643,5801_01
2644,5803_01
2645,5805_01
2646,5807_01
2647,5815_01
2648,5815_02
2649,5815_03
2650,5815_04
2651,5830_01
2652,5832_01
2653,5833_01
2654,5838_01
2655,5841_01
2656,5841_02
2657,5841_03
2658,5845_01
2659,5850_01
2660,5851_01
2661,5851_02
2662,5853_01
2663,5862_01
2664,5864_01
2665,5865_01
2666,5866_01
2667,5870_01
2668,5872_01
2669,5873_01
2670,5873_02
2671,5873_03
2672,5881_01
2673,5883_01
2674,5884_01
2675,5892_01
2676,5893_01
2677,5893_02
2678,5895_01
2679,5896_01
2680,5899_01
2681,5904_01
2682,5904_02
2683,5910_01
2684,5911_01
2685,5911_02
2686,5911_03
2687,5911_04
2688,5911_05
2689,5911_06
2690,5914_01
2691,5917_01
2692,5918_01
2693,5926_01
2694,5929_01
2695,5932_01
2696,5935_01
2697,5936_01
2698,5936_02
2699,5936_03
2700,5936_04
2701,5936_05
2702,5937_01
2703,5940_01
2704,5942_01
2705,5942_02
2706,5943_01
2707,5948_01
2708,5958_01
2709,5961_01
2710,5961_02
2711,5962_01
2712,5964_01
2713,5964_02
2714,5966_01
2715,5966_02
2716,5978_01
2717,5978_02
2718,5979_01
2719,5982_01
2720,5996_01
2721,5997_01
2722,5997_02
2723,6002_01
2724,6005_01
2725,6005_02
2726,6005_03
2727,6005_04
2728,6005_05
2729,6009_01
2730,6009_02
2731,6012_01
2732,6013_01
2733,6018_01
2734,6021_01
2735,6023_01
2736,6037_01
2737,6044_01
2738,6044_02
2739,6046_01
2740,6050_01
2741,6051_01
2742,6051_02
2743,6053_01
2744,6056_01
2745,6057_01
2746,6060_01
2747,6063_01
2748,6072_01
2749,6074_01
2750,6074_02
2751,6074_03
2752,6078_01
2753,6079_01
2754,6081_01
2755,6081_02
2756,6081_03
2757,6081_04
2758,6083_01
2759,6084_01
2760,6088_01
2761,6089_01
2762,6093_01
2763,6097_01
2764,6100_01
2765,6104_01
2766,6113_01
2767,6114_01
2768,6119_01
2769,6119_02
2770,6119_03
2771,6125_01
2772,6129_01
2773,6131_01
2774,6134_01
2775,6140_01
2776,6142_01
2777,6142_02
2778,6144_01
2779,6147_01
2780,6151_01
2781,6151_02
2782,6154_01
2783,6159_01
2784,6160_01
2785,6160_02
2786,6161_01
2787,6164_01
2788,6165_01
2789,6177_01
2790,6183_01
2791,6185_01
2792,6187_01
2793,6188_01
2794,6190_01
2795,6193_01
2796,6193_02
2797,6193_03
2798,6193_04
2799,6195_01
2800,6196_01
2801,6197_01
2802,6198_01
2803,6202_01
2804,6203_01
2805,6204_01
2806,6209_01
2807,6209_02
2808,6210_01
2809,6212_01
2810,6214_01
2811,6217_01
2812,6217_02
2813,6221_01
2814,6226_01
2815,6231_01
2816,6231_02
2817,6231_03
2818,6233_01
2819,6233_02
2820,6233_03
2821,6235_01
2822,6240_01
2823,6242_01
2824,6244_01
2825,6244_02
2826,6247_01
2827,6255_01
2828,6257_01
2829,6257_02
2830,6257_03
2831,6258_01
2832,6259_01
2833,6260_01
2834,6260_02
2835,6261_01
2836,6261_02
2837,6267_01
2838,6267_02
2839,6267_03
2840,6267_04
2841,6267_05
2842,6267_06
2843,6269_01
2844,6269_02
2845,6269_03
2846,6272_01
2847,6272_02
2848,6275_01
2849,6278_01
2850,6278_02
2851,6284_01
2852,6286_01
2853,6286_02
2854,6287_01
2855,6287_02
2856,6288_01
2857,6288_02
2858,6288_03
2859,6288_04
2860,6291_01
2861,6294_01
2862,6295_01
2863,6295_02
2864,6298_01
2865,6303_01
2866,6306_01
2867,6307_01
2868,6310_01
2869,6311_01
2870,6312_01
2871,6312_02
2872,6314_01
2873,6329_01
2874,6332_01
2875,6332_02
2876,6332_03
2877,6332_04
2878,6332_05
2879,6332_06
2880,6332_07
2881,6332_08
2882,6333_01
2883,6336_01
2884,6337_01
2885,6342_01
2886,6342_02
2887,6345_01
2888,6345_02
2889,6350_01
2890,6352_01
2891,6352_02
2892,6358_01
2893,6358_02
2894,6359_01
2895,6362_01
2896,6364_01
2897,6375_01
2898,6377_01
2899,6379_01
2900,6382_01
2901,6383_01
2902,6383_02
2903,6383_03
2904,6384_01
2905,6386_01
2906,6387_01
2907,6389_01
2908,6391_01
2909,6391_02
2910,6392_01
2911,6393_01
2912,6395_01
2913,6401_01
2914,6401_02
2915,6403_01
2916,6410_01
2917,6410_02
2918,6417_01
2919,6420_01
2920,6423_01
2921,6425_01
2922,6425_02
2923,6426_01
2924,6427_01
2925,6429_01
2926,6435_01
2927,6438_01
2928,6440_01
2929,6441_01
2930,6445_01
2931,6460_01
2932,6465_01
2933,6466_01
2934,6467_01
2935,6469_01
2936,6474_01
2937,6476_01
2938,6479_01
2939,6479_02
2940,6483_01
2941,6484_01
2942,6486_01
2943,6491_01
2944,6491_02
2945,6491_03
2946,6495_01
2947,6496_01
2948,6496_02
2949,6497_01
2950,6498_01
2951,6499_01
2952,6499_02
2953,6499_03
2954,6499_04
2955,6499_05
2956,6499_06
2957,6499_07
2958,6499_08
2959,6504_01
2960,6504_02
2961,6505_01
2962,6506_01
2963,6506_02
2964,6507_01
2965,6515_01
2966,6516_01
2967,6516_02
2968,6518_01
2969,6519_01
2970,6521_01
2971,6524_01
2972,6527_01
2973,6528_01
2974,6532_01
2975,6533_01
2976,6533_02
2977,6534_01
2978,6536_01
2979,6537_01
2980,6538_01
2981,6542_01
2982,6543_01
2983,6550_01
2984,6551_01
2985,6554_01
2986,6555_01
2987,6559_01
2988,6559_02
2989,6559_03
2990,6564_01
2991,6564_02
2992,6566_01
2993,6571_01
2994,6575_01
2995,6576_01
2996,6577_01
2997,6577_02
2998,6577_03
2999,6579_01
3000,6581_01
3001,6584_01
3002,6586_01
3003,6587_01
3004,6589_01
3005,6596_01
3006,6596_02
3007,6597_01
3008,6600_01
3009,6600_02
3010,6605_01
3011,6605_02
3012,6607_01
3013,6610_01
3014,6612_01
3015,6612_02
3016,6612_03
3017,6612_04
3018,6612_05
3019,6612_06
3020,6615_01
3021,6617_01
3022,6617_02
3023,6617_03
3024,6619_01
3025,6627_01
3026,6629_01
3027,6632_01
3028,6636_01
3029,6640_01
3030,6644_01
3031,6648_01
3032,6651_01
3033,6653_01
3034,6657_01
3035,6658_01
3036,6658_02
3037,6658_03
3038,6661_01
3039,6666_01
3040,6677_01
3041,6678_01
3042,6678_02
3043,6679_01
3044,6682_01
3045,6682_02
3046,6685_01
3047,6686_01
3048,6687_01
3049,6688_01
3050,6689_01
3051,6689_02
3052,6690_01
3053,6695_01
3054,6696_01
3055,6700_01
3056,6700_02
3057,6701_01
3058,6703_01
3059,6704_01
3060,6705_01
3061,6710_01
3062,6712_01
3063,6714_01
3064,6715_01
3065,6716_01
3066,6717_01
3067,6723_01
3068,6728_01
3069,6732_01
3070,6733_01
3071,6735_01
3072,6737_01
3073,6738_01
3074,6738_02
3075,6740_01
3076,6743_01
3077,6752_01
3078,6752_02
3079,6752_03
3080,6755_01
3081,6759_01
3082,6767_01
3083,6767_02
3084,6768_01
3085,6769_01
3086,6770_01
3087,6770_02
3088,6770_03
3089,6771_01
3090,6772_01
3091,6772_02
3092,6777_01
3093,6781_01
3094,6783_01
3095,6785_01
3096,6790_01
3097,6791_01
3098,6793_01
3099,6793_02
3100,6795_01
3101,6797_01
3102,6803_01
3103,6804_01
3104,6807_01
3105,6807_02
3106,6809_01
3107,6811_01
3108,6812_01
3109,6812_02
3110,6815_01
3111,6819_01
3112,6819_02
3113,6819_03
3114,6823_01
3115,6828_01
3116,6830_01
3117,6835_01
3118,6835_02
3119,6836_01
3120,6838_01
3121,6838_02
3122,6838_03
3123,6842_01
3124,6845_01
3125,6846_01
3126,6847_01
3127,6849_01
3128,6852_01
3129,6852_02
3130,6855_01
3131,6856_01
3132,6860_01
3133,6867_01
3134,6870_01
3135,6872_01
3136,6874_01
3137,6875_01
3138,6875_02
3139,6875_03
3140,6876_01
3141,6876_02
3142,6876_03
3143,6877_01
3144,6878_01
3145,6881_01
3146,6884_01
3147,6886_01
3148,6888_01
3149,6888_02
3150,6888_03
3151,6888_04
3152,6890_01
3153,6897_01
3154,6904_01
3155,6904_02
3156,6904_03
3157,6909_01
3158,6914_01
3159,6916_01
3160,6919_01
3161,6922_01
3162,6923_01
3163,6927_01
3164,6933_01
3165,6933_02
3166,6935_01
3167,6936_01
3168,6936_02
3169,6936_03
3170,6938_01
3171,6941_01
3172,6942_01
3173,6948_01
3174,6952_01
3175,6953_01
3176,6955_01
3177,6956_01
3178,6958_01
3179,6959_01
3180,6959_02
3181,6959_03
3182,6961_01
3183,6961_02
3184,6965_01
3185,6969_01
3186,6974_01
3187,6975_01
3188,6983_01
3189,6983_02
3190,6986_01
3191,6986_02
3192,6986_03
3193,6986_04
3194,6986_05
3195,6986_06
3196,6986_07
3197,6986_08
3198,6989_01
3199,6993_01
3200,7000_01
3201,7003_01
3202,7009_01
3203,7009_02
3204,7012_01
3205,7023_01
3206,7024_01
3207,7030_01
3208,7033_01
3209,7035_01
3210,7043_01
3211,7046_01
3212,7046_02
3213,7046_03
3214,7054_01
3215,7054_02
3216,7055_01
3217,7063_01
3218,7063_02
3219,7064_01
3220,7065_01
3221,7066_01
3222,7066_02
3223,7067_01
3224,7067_02
3225,7067_03
3226,7070_01
3227,7075_01
3228,7076_01
3229,7081_01
3230,7081_02
3231,7100_01
3232,7100_02
3233,7101_01
3234,7101_02
3235,7102_01
3236,7103_01
3237,7103_02
3238,7107_01
3239,7108_01
3240,7112_01
3241,7115_01
3242,7122_01
3243,7123_01
3244,7124_01
3245,7124_02
3246,7124_03
3247,7125_01
3248,7129_01
3249,7130_01
3250,7130_02
3251,7130_03
3252,7130_04
3253,7130_05
3254,7130_06
3255,7130_07
3256,7131_01
3257,7135_01
3258,7135_02
3259,7135_03
3260,7135_04
3261,7136_01
3262,7138_01
3263,7139_01
3264,7141_01
3265,7145_01
3266,7146_01
3267,7147_01
3268,7150_01
3269,7150_02
3270,7153_01
3271,7154_01
3272,7158_01
3273,7163_01
3274,7163_02
3275,7163_03
3276,7164_01
3277,7169_01
3278,7172_01
3279,7172_02
3280,7174_01
3281,7178_01
3282,7183_01
3283,7185_01
3284,7195_01
3285,7196_01
3286,7198_01
3287,7201_01
3288,7204_01
3289,7209_01
3290,7209_02
3291,7211_01
3292,7212_01
3293,7213_01
3294,7220_01
3295,7222_01
3296,7223_01
3297,7228_01
3298,7231_01
3299,7237_01
3300,7239_01
3301,7241_01
3302,7241_02
3303,7243_01
3304,7243_02
3305,7243_03
3306,7243_04
3307,7243_05
3308,7244_01
3309,7245_01
3310,7248_01
3311,7248_02
3312,7251_01
3313,7254_01
3314,7262_01
3315,7263_01
3316,7264_01
3317,7265_01
3318,7266_01
3319,7266_02
3320,7266_03
3321,7269_01
3322,7269_02
3323,7272_01
3324,7275_01
3325,7281_01
3326,7282_01
3327,7286_01
3328,7287_01
3329,7288_01
3330,7291_01
3331,7293_01
3332,7294_01
3333,7295_01
3334,7295_02
3335,7299_01
3336,7308_01
3337,7312_01
3338,7315_01
3339,7316_01
3340,7317_01
3341,7318_01
3342,7319_01
3343,7319_02
3344,7319_03
3345,7325_01
3346,7329_01
3347,7329_02
3348,7329_03
3349,7333_01
3350,7335_01
3351,7345_01
3352,7348_01
3353,7348_02
3354,7348_03
3355,7349_01
3356,7352_01
3357,7354_01
3358,7354_02
3359,7354_03
3360,7354_04
3361,7354_05
3362,7354_06
3363,7355_01
3364,7357_01
3365,7362_01
3366,7363_01
3367,7364_01
3368,7368_01
3369,7369_01
3370,7373_01
3371,7373_02
3372,7375_01
3373,7378_01
3374,7380_01
3375,7380_02
3376,7380_03
3377,7380_04
3378,7381_01
3379,7382_01
3380,7383_01
3381,7383_02
3382,7384_01
3383,7386_01
3384,7389_01
3385,7397_01
3386,7400_01
3387,7404_01
3388,7407_01
3389,7409_01
3390,7409_02
3391,7412_01
3392,7413_01
3393,7413_02
3394,7414_01
3395,7415_01
3396,7417_01
3397,7417_02
3398,7420_01
3399,7421_01
3400,7421_02
3401,7423_01
3402,7423_02
3403,7424_01
3404,7426_01
3405,7426_02
3406,7426_03
3407,7433_01
3408,7434_01
3409,7439_01
3410,7439_02
3411,7440_01
3412,7441_01
3413,7443_01
3414,7451_01
3415,7454_01
3416,7463_01
3417,7465_01
3418,7466_01
3419,7467_01
3420,7468_01
3421,7469_01
3422,7470_01
3423,7471_01
3424,7471_02
3425,7473_01
3426,7473_02
3427,7474_01
3428,7476_01
3429,7480_01
3430,7482_01
3431,7482_02
3432,7489_01
3433,7489_02
3434,7489_03
3435,7491_01
3436,7493_01
3437,7497_01
3438,7511_01
3439,7516_01
3440,7519_01
3441,7526_01
3442,7528_01
3443,7528_02
3444,7528_03
3445,7528_04
3446,7530_01
3447,7530_02
3448,7530_03
3449,7530_04
3450,7532_01
3451,7537_01
3452,7539_01
3453,7539_02
3454,7540_01
3455,7541_01
3456,7541_02
3457,7541_03
3458,7546_01
3459,7547_01
3460,7548_01
3461,7551_01
3462,7554_01
3463,7555_01
3464,7556_01
3465,7556_02
3466,7556_03
3467,7556_04
3468,7557_01
3469,7557_02
3470,7557_03
3471,7558_01
3472,7558_02
3473,7562_01
3474,7564_01
3475,7566_01
3476,7570_01
3477,7570_02
3478,7571_01
3479,7575_01
3480,7581_01
3481,7582_01
3482,7582_02
3483,7582_03
3484,7582_04
3485,7582_05
3486,7587_01
3487,7589_01
3488,7590_01
3489,7591_01
3490,7591_02
3491,7593_01
3492,7597_01
3493,7597_02
3494,7597_03
3495,7597_04
3496,7597_05
3497,7597_06
3498,7597_07
3499,7600_01
3500,7600_02
3501,7602_01
3502,7603_01
3503,7607_01
3504,7610_01
3505,7610_02
3506,7611_01
3507,7611_02
3508,7612_01
3509,7612_02
3510,7613_01
3511,7615_01
3512,7617_01
3513,7619_01
3514,7629_01
3515,7629_02
3516,7629_03
3517,7636_01
3518,7637_01
3519,7637_02
3520,7637_03
3521,7638_01
3522,7642_01
3523,7645_01
3524,7648_01
3525,7651_01
3526,7653_01
3527,7654_01
3528,7655_01
3529,7657_01
3530,7658_01
3531,7659_01
3532,7662_01
3533,7663_01
3534,7664_01
3535,7668_01
3536,7672_01
3537,7673_01
3538,7674_01
3539,7675_01
3540,7681_01
3541,7685_01
3542,7686_01
3543,7695_01
3544,7701_01
3545,7704_01
3546,7706_01
3547,7718_01
3548,7722_01
3549,7725_01
3550,7726_01
3551,7730_01
3552,7732_01
3553,7733_01
3554,7734_01
3555,7735_01
3556,7737_01
3557,7740_01
3558,7740_02
3559,7745_01
3560,7750_01
3561,7756_01
3562,7758_01
3563,7759_01
3564,7762_01
3565,7765_01
3566,7765_02
3567,7765_03
3568,7766_01
3569,7772_01
3570,7779_01
3571,7781_01
3572,7792_01
3573,7792_02
3574,7792_03
3575,7792_04
3576,7792_05
3577,7794_01
3578,7795_01
3579,7795_02
3580,7796_01
3581,7798_01
3582,7798_02
3583,7799_01
3584,7804_01
3585,7807_01
3586,7811_01
3587,7814_01
3588,7817_01
3589,7819_01
3590,7822_01
3591,7823_01
3592,7825_01
3593,7825_02
3594,7825_03
3595,7826_01
3596,7827_01
3597,7836_01
3598,7838_01
3599,7844_01
3600,7846_01
3601,7846_02
3602,7854_01
3603,7855_01
3604,7857_01
3605,7860_01
3606,7862_01
3607,7867_01
3608,7869_01
3609,7874_01
3610,7874_02
3611,7876_01
3612,7880_01
3613,7880_02
3614,7887_01
3615,7893_01
3616,7893_02
3617,7893_03
3618,7893_04
3619,7893_05
3620,7896_01
3621,7898_01
3622,7900_01
3623,7906_01
3624,7909_01
3625,7909_02
3626,7911_01
3627,7912_01
3628,7915_01
3629,7915_02
3630,7915_03
3631,7917_01
3632,7921_01
3633,7921_02
3634,7923_01
3635,7925_01
3636,7927_01
3637,7927_02
3638,7927_03
3639,7928_01
3640,7931_01
3641,7932_01
3642,7933_01
3643,7934_01
3644,7934_02
3645,7934_03
3646,7938_01
3647,7942_01
3648,7942_02
3649,7948_01
3650,7951_01
3651,7953_01
3652,7956_01
3653,7959_01
3654,7961_01
3655,7963_01
3656,7963_02
3657,7963_03
3658,7964_01
3659,7965_01
3660,7966_01
3661,7969_01
3662,7971_01
3663,7971_02
3664,7975_01
3665,7977_01
3666,7978_01
3667,7978_02
3668,7979_01
3669,7980_01
3670,7991_01
3671,7991_02
3672,7991_03
3673,7991_04
3674,7992_01
3675,7997_01
3676,7998_01
3677,7998_02
3678,7998_03
3679,7998_04
3680,8001_01
3681,8002_01
3682,8008_01
3683,8009_01
3684,8011_01
3685,8013_01
3686,8017_01
3687,8022_01
3688,8028_01
3689,8033_01
3690,8039_01
3691,8039_02
3692,8040_01
3693,8041_01
3694,8041_02
3695,8044_01
3696,8045_01
3697,8047_01
3698,8048_01
3699,8051_01
3700,8051_02
3701,8061_01
3702,8061_02
3703,8062_01
3704,8065_01
3705,8070_01
3706,8073_01
3707,8074_01
3708,8080_01
3709,8090_01
3710,8093_01
3711,8095_01
3712,8096_01
3713,8099_01
3714,8100_01
3715,8101_01
3716,8104_01
3717,8109_01
3718,8110_01
3719,8111_01
3720,8113_01
3721,8113_02
3722,8113_03
3723,8113_04
3724,8114_01
3725,8125_01
3726,8125_02
3727,8126_01
3728,8127_01
3729,8132_01
3730,8134_01
3731,8142_01
3732,8145_01
3733,8146_01
3734,8151_01
3735,8154_01
3736,8155_01
3737,8160_01
3738,8163_01
3739,8166_01
3740,8169_01
3741,8170_01
3742,8172_01
3743,8174_01
3744,8179_01
3745,8180_01
3746,8181_01
3747,8181_02
3748,8181_03
3749,8183_01
3750,8184_01
3751,8185_01
3752,8187_01
3753,8188_01
3754,8193_01
3755,8195_01
3756,8196_01
3757,8196_02
3758,8198_01
3759,8201_01
3760,8206_01
3761,8215_01
3762,8223_01
3763,8228_01
3764,8230_01
3765,8234_01
3766,8236_01
3767,8240_01
3768,8241_01
3769,8245_01
3770,8245_02
3771,8246_01
3772,8249_01
3773,8250_01
3774,8253_01
3775,8256_01
3776,8258_01
3777,8262_01
3778,8263_01
3779,8269_01
3780,8274_01
3781,8278_01
3782,8283_01
3783,8284_01
3784,8284_02
3785,8285_01
3786,8286_01
3787,8290_01
3788,8293_01
3789,8296_01
3790,8299_01
3791,8304_01
3792,8304_02
3793,8304_03
3794,8305_01
3795,8305_02
3796,8305_03
3797,8308_01
3798,8309_01
3799,8311_01
3800,8312_01
3801,8325_01
3802,8325_02
3803,8327_01
3804,8331_01
3805,8337_01
3806,8340_01
3807,8340_02
3808,8340_03
3809,8347_01
3810,8349_01
3811,8350_01
3812,8351_01
3813,8352_01
3814,8353_01
3815,8355_01
3816,8357_01
3817,8357_02
3818,8358_01
3819,8359_01
3820,8361_01
3821,8361_02
3822,8361_03
3823,8361_04
3824,8361_05
3825,8364_01
3826,8367_01
3827,8370_01
3828,8370_02
3829,8372_01
3830,8385_01
3831,8385_02
3832,8385_03
3833,8387_01
3834,8389_01
3835,8391_01
3836,8396_01
3837,8399_01
3838,8400_01
3839,8400_02
3840,8400_03
3841,8402_01
3842,8402_02
3843,8402_03
3844,8408_01
3845,8408_02
3846,8412_01
3847,8413_01
3848,8415_01
3849,8417_01
3850,8422_01
3851,8424_01
3852,8425_01
3853,8425_02
3854,8426_01
3855,8426_02
3856,8428_01
3857,8434_01
3858,8435_01
3859,8436_01
3860,8439_01
3861,8440_01
3862,8440_02
3863,8440_03
3864,8443_01
3865,8443_02
3866,8445_01
3867,8445_02
3868,8445_03
3869,8446_01
3870,8450_01
3871,8450_02
3872,8450_03
3873,8453_01
3874,8455_01
3875,8461_01
3876,8464_01
3877,8464_02
3878,8473_01
3879,8473_02
3880,8478_01
3881,8478_02
3882,8484_01
3883,8485_01
3884,8488_01
3885,8490_01
3886,8496_01
3887,8497_01
3888,8498_01
3889,8499_01
3890,8501_01
3891,8505_01
3892,8507_01
3893,8510_01
3894,8510_02
3895,8513_01
3896,8515_01
3897,8517_01
3898,8517_02
3899,8518_01
3900,8519_01
3901,8520_01
3902,8520_02
3903,8525_01
3904,8525_02
3905,8526_01
3906,8526_02
3907,8527_01
3908,8529_01
3909,8531_01
3910,8532_01
3911,8533_01
3912,8534_01
3913,8534_02
3914,8534_03
3915,8534_04
3916,8538_01
3917,8543_01
3918,8543_02
3919,8543_03
3920,8543_04
3921,8543_05
3922,8543_06
3923,8543_07
3924,8543_08
3925,8546_01
3926,8547_01
3927,8550_01
3928,8553_01
3929,8555_01
3930,8555_02
3931,8555_03
3932,8558_01
3933,8562_01
3934,8563_01
3935,8564_01
3936,8565_01
3937,8565_02
3938,8565_03
3939,8567_01
3940,8567_02
3941,8567_03
3942,8568_01
3943,8568_02
3944,8575_01
3945,8576_01
3946,8578_01
3947,8579_01
3948,8582_01
3949,8583_01
3950,8583_02
3951,8590_01
3952,8591_01
3953,8593_01
3954,8600_01
3955,8601_01
3956,8608_01
3957,8621_01
3958,8622_01
3959,8625_01
3960,8627_01
3961,8630_01
3962,8632_01
3963,8632_02
3964,8647_01
3965,8648_01
3966,8648_02
3967,8648_03
3968,8649_01
3969,8651_01
3970,8652_01
3971,8655_01
3972,8660_01
3973,8662_01
3974,8665_01
3975,8666_01
3976,8676_01
3977,8677_01
3978,8677_02
3979,8677_03
3980,8678_01
3981,8678_02
3982,8679_01
3983,8682_01
3984,8686_01
3985,8689_01
3986,8690_01
3987,8690_02
3988,8692_01
3989,8692_02
3990,8692_03
3991,8697_01
3992,8698_01
3993,8699_01
3994,8702_01
3995,8705_01
3996,8706_01
3997,8707_01
3998,8711_01
3999,8713_01
4000,8713_02
4001,8715_01
4002,8718_01
4003,8724_01
4004,8725_01
4005,8726_01
4006,8730_01
4007,8731_01
4008,8737_01
4009,8738_01
4010,8739_01
4011,8740_01
4012,8742_01
4013,8745_01
4014,8746_01
4015,8747_01
4016,8747_02
4017,8748_01
4018,8748_02
4019,8756_01
4020,8758_01
4021,8758_02
4022,8761_01
4023,8763_01
4024,8763_02
4025,8763_03
4026,8765_01
4027,8767_01
4028,8767_02
4029,8768_01
4030,8768_02
4031,8768_03
4032,8775_01
4033,8777_01
4034,8778_01
4035,8778_02
4036,8784_01
4037,8788_01
4038,8792_01
4039,8793_01
4040,8793_02
4041,8793_03
4042,8793_04
4043,8793_05
4044,8795_01
4045,8800_01
4046,8800_02
4047,8800_03
4048,8800_04
4049,8800_05
4050,8803_01
4051,8804_01
4052,8804_02
4053,8804_03
4054,8804_04
4055,8804_05
4056,8810_01
4057,8814_01
4058,8829_01
4059,8832_01
4060,8837_01
4061,8839_01
4062,8839_02
4063,8846_01
4064,8846_02
4065,8847_01
4066,8851_01
4067,8855_01
4068,8857_01
4069,8859_01
4070,8866_01
4071,8870_01
4072,8870_02
4073,8873_01
4074,8873_02
4075,8873_03
4076,8875_01
4077,8875_02
4078,8875_03
4079,8877_01
4080,8877_02
4081,8879_01
4082,8882_01
4083,8887_01
4084,8888_01
4085,8893_01
4086,8893_02
4087,8895_01
4088,8895_02
4089,8898_01
4090,8908_01
4091,8909_01
4092,8911_01
4093,8912_01
4094,8913_01
4095,8913_02
4096,8913_03
4097,8914_01
4098,8915_01
4099,8916_01
4100,8917_01
4101,8921_01
4102,8924_01
4103,8925_01
4104,8925_02
4105,8925_03
4106,8925_04
4107,8925_05
4108,8925_06
4109,8927_01
4110,8929_01
4111,8931_01
4112,8933_01
4113,8934_01
4114,8935_01
4115,8936_01
4116,8943_01
4117,8946_01
4118,8949_01
4119,8950_01
4120,8951_01
4121,8952_01
4122,8953_01
4123,8957_01
4124,8958_01
4125,8960_01
4126,8960_02
4127,8960_03
4128,8962_01
4129,8963_01
4130,8965_01
4131,8971_01
4132,8974_01
4133,8979_01
4134,8980_01
4135,8980_02
4136,8980_03
4137,8980_04
4138,8980_05
4139,8980_06
4140,8980_07
4141,8984_01
4142,8990_01
4143,8991_01
4144,8994_01
4145,8994_02
4146,8995_01
4147,9000_01
4148,9002_01
4149,9005_01
4150,9016_01
4151,9016_02
4152,9016_03
4153,9016_04
4154,9016_05
4155,9017_01
4156,9022_01
4157,9022_02
4158,9022_03
4159,9025_01
4160,9025_02
4161,9027_01
4162,9033_01
4163,9039_01
4164,9040_01
4165,9044_01
4166,9045_01
4167,9045_02
4168,9047_01
4169,9050_01
4170,9051_01
4171,9053_01
4172,9053_02
4173,9054_01
4174,9055_01
4175,9056_01
4176,9058_01
4177,9062_01
4178,9062_02
4179,9063_01
4180,9065_01
4181,9067_01
4182,9067_02
4183,9070_01
4184,9070_02
4185,9082_01
4186,9083_01
4187,9083_02
4188,9086_01
4189,9086_02
4190,9087_01
4191,9088_01
4192,9090_01
4193,9091_01
4194,9092_01
4195,9093_01
4196,9095_01
4197,9096_01
4198,9096_02
4199,9100_01
4200,9102_01
4201,9105_01
4202,9109_01
4203,9113_01
4204,9117_01
4205,9121_01
4206,9123_01
4207,9133_01
4208,9135_01
4209,9138_01
4210,9143_01
4211,9143_02
4212,9143_03
4213,9146_01
4214,9146_02
4215,9146_03
4216,9147_01
4217,9153_01
4218,9154_01
4219,9155_01
4220,9155_02
4221,9155_03
4222,9155_04
4223,9162_01
4224,9162_02
4225,9162_03
4226,9166_01
4227,9171_01
4228,9177_01
4229,9177_02
4230,9182_01
4231,9187_01
4232,9187_02
4233,9191_01
4234,9198_01
4235,9200_01
4236,9204_01
4237,9206_01
4238,9206_02
4239,9206_03
4240,9207_01
4241,9209_01
4242,9210_01
4243,9212_01
4244,9212_02
4245,9214_01
4246,9215_01
4247,9216_01
4248,9223_01
4249,9223_02
4250,9228_01
4251,9229_01
4252,9232_01
4253,9236_01
4254,9238_01
4255,9238_02
4256,9238_03
4257,9238_04
4258,9238_05
4259,9238_06
4260,9238_07
4261,9240_01
4262,9243_01
4263,9245_01
4264,9249_01
4265,9255_01
4266,9258_01
4267,9260_01
4268,9262_01
4269,9263_01
4270,9265_01
4271,9266_01
4272,9266_02
4273,9269_01
4274,9271_01
4275,9273_01
4276,9277_01
Transported,[1 0 1 ... 1 1 1]
